Full Name,Email Address,Mobile Number,Company,City,Country,Assigned Agent,Campaign Source
Aarav Al-Sayed,aarav.al-sayed0@example.com,+45 431 8452 2471,Northwind Corp,San Francisco,France,Sofia Rossi,Instagram Ads
Noah Bianchi,noah.bianchi1@example.com,+4 288 9697 8095,BlueStone,London,France,Alex Chen,Facebook Ads
Olivia Singh,olivia.singh2@example.com,+58 106 3502 9127,Harbor Ltd,London,France,Marcus Reid,Google Ads
Arjun Laurent,arjun.laurent3@example.com,+29 323 9453 2565,SunData,São Paulo,Brazil,Marcus Reid,LinkedIn
Noah Ramirez,noah.ramirez4@example.com,+54 606 2376 4158,TechNova,Toronto,Mexico,Alex Chen,Instagram Ads
Emma Patel,emma.patel5@example.com,+48 670 7434 9308,Casa Bienes,São Paulo,France,Alex Chen,Google Ads
Aarav Ramirez,aarav.ramirez6@example.com,+41 120 2841 5982,TechNova,Dubai,Canada,Rahul Verma,LinkedIn
Luca Garcia,luca.garcia7@example.com,+10 183 4341 1373,Al Bayan,Sydney,France,Marcus Reid,LinkedIn
Yui Laurent,yui.laurent8@example.com,+74 623 6037 4281,Northwind Corp,London,Mexico,Alex Chen,Website Form
Noah Bianchi,noah.bianchi9@example.com,+43 544 3815 9678,TechNova,Toronto,Mexico,Rahul Verma,Instagram Ads
Rahul Sharma,rahul.sharma10@example.com,+41 155 4538 3225,BlueStone,Mexico City,China,Rahul Verma,Facebook Ads
Arjun Bianchi,arjun.bianchi11@example.com,+47 652 3539 7108,TechNova,San Francisco,UK,Sofia Rossi,Referral
Olivia Wilson,olivia.wilson12@example.com,+15 301 3812 9147,Casa Bienes,San Francisco,UAE,Emily Carter,Referral
Ananya Tanaka,ananya.tanaka13@example.com,+61 700 1296 5022,Vela Group,Toronto,France,Marcus Reid,Google Ads
David Laurent,david.laurent14@example.com,+88 149 9393 6316,Al Bayan,Tokyo,Japan,Sofia Rossi,Excel Import
Olivia Patel,olivia.patel15@example.com,+11 947 3884 6350,CloudPeak,Tokyo,Japan,Sofia Rossi,Instagram Ads
Mia Singh,mia.singh16@example.com,+76 602 6337 6209,Zenith Realty,Toronto,China,Alex Chen,Excel Import
Emma Wei,emma.wei17@example.com,+3 231 6977 2089,Harbor Ltd,Mexico City,UAE,Sofia Rossi,LinkedIn
Aarav Al-Sayed,aarav.al-sayed18@example.com,+6 582 5946 7573,Brisa Realty,San Francisco,Brazil,Emily Carter,Custom CSV
John Williams,john.williams19@example.com,+7 561 3019 8664,Harbor Ltd,London,France,Marcus Reid,LinkedIn
Ananya Ramirez,ananya.ramirez20@example.com,+44 534 4810 3135,SunData,Paris,Italy,Emily Carter,LinkedIn
Luca Costa,luca.costa21@example.com,+97 526 1561 1722,Vela Group,Dubai,UK,Sofia Rossi,Instagram Ads
Sophie Bianchi,sophie.bianchi22@example.com,+78 250 4151 8810,Northwind Corp,Dubai,Germany,Rahul Verma,Google Ads
Chen Bianchi,chen.bianchi23@example.com,+79 202 2321 8039,Vela Group,London,Australia,Alex Chen,LinkedIn
Chen Ramirez,chen.ramirez24@example.com,+48 577 8503 7906,NexaSoft,Berlin,Australia,Rahul Verma,LinkedIn
David Al-Sayed,david.al-sayed25@example.com,+26 809 4610 2709,Zenith Realty,Toronto,UAE,Rahul Verma,Referral
Priya Tanaka,priya.tanaka26@example.com,+25 527 4570 4051,Sakura Homes,Paris,Germany,Priya Sharma,Google Ads
Chen Mehta,chen.mehta27@example.com,+19 471 1884 8285,Paris Immo,São Paulo,Italy,Marcus Reid,Google Ads
Fatima Garcia,fatima.garcia28@example.com,+2 759 5698 9305,BlueStone,London,India,Alex Chen,Website Form
Priya Sharma,priya.sharma29@example.com,+49 900 5235 3297,Paris Immo,Mumbai,UK,Rahul Verma,Facebook Ads
Luca Verma,luca.verma30@example.com,+93 453 2110 4628,Sakura Homes,Mexico City,Mexico,Emily Carter,Website Form
Aarav Bianchi,aarav.bianchi31@example.com,+25 101 5035 8218,Harbor Ltd,São Paulo,China,Priya Sharma,Google Ads
Yui Wilson,yui.wilson32@example.com,+70 940 7126 9344,SunData,San Francisco,USA,Sofia Rossi,Excel Import
Emma Al-Sayed,emma.al-sayed33@example.com,+84 272 6320 4317,Brisa Realty,Mumbai,USA,Emily Carter,Excel Import
Sophie Brown,sophie.brown34@example.com,+84 539 5972 1300,Sakura Homes,Milan,China,Emily Carter,Excel Import
Noah Garcia,invalid-email,+14 667 1173 6716,CloudPeak,Dubai,Brazil,Marcus Reid,Referral
Isabella Sharma,isabella.sharma36@example.com,+70 845 8431 4794,TechNova,Berlin,Australia,Priya Sharma,Google Ads
Emma Tanaka,emma.tanaka37@example.com,+80 251 6907 3269,Vela Group,Toronto,UK,Alex Chen,Excel Import
Isabella Al-Sayed,isabella.al-sayed38@example.com,+76 958 9674 7618,Harbor Ltd,Delhi,France,Alex Chen,Instagram Ads
Yui Smith,yui.smith39@example.com,+19 589 7036 4656,NexaSoft,London,UK,Rahul Verma,Referral
Emma Verma,emma.verma40@example.com,+29 118 6812 6425,Paris Immo,Toronto,Brazil,Rahul Verma,Excel Import
Luca Costa,luca.costa41@example.com,+14 632 4645 5178,Zenith Realty,Shanghai,UK,Marcus Reid,Google Ads
Ananya Garcia,ananya.garcia42@example.com,+18 197 6193 2090,Northwind Corp,Tokyo,UK,Sofia Rossi,Google Ads
Emma Smith,emma.smith43@example.com,+17 969 7491 1292,SunData,Toronto,Canada,Alex Chen,LinkedIn
Chen Wilson,chen.wilson44@example.com,+61 647 2430 7585,SunData,Berlin,Mexico,Priya Sharma,Custom CSV
Arjun Sharma,arjun.sharma45@example.com,+87 393 4977 9771,Harbor Ltd,Berlin,UAE,Alex Chen,Website Form
Sara Patel,sara.patel46@example.com,+71 481 5735 6873,Paris Immo,Bengaluru,France,Emily Carter,LinkedIn
David Singh,david.singh47@example.com,+53 258 4761 6877,Zenith Realty,Bengaluru,China,Alex Chen,Facebook Ads
Fatima Singh,fatima.singh48@example.com,+32 226 1360 1378,Sakura Homes,Tokyo,France,Marcus Reid,LinkedIn
Diego Ramirez,diego.ramirez49@example.com,+54 690 9871 5580,GreenField,Mumbai,India,Marcus Reid,LinkedIn
Liam Bianchi,liam.bianchi50@example.com,+40 753 7616 9272,NexaSoft,Berlin,Germany,Priya Sharma,Instagram Ads
Olivia Tanaka,olivia.tanaka51@example.com,+10 624 1726 6803,TechNova,San Francisco,Brazil,Emily Carter,Custom CSV
Rahul Laurent,rahul.laurent52@example.com,+9 208 8451 5508,Northwind Corp,London,China,Marcus Reid,Instagram Ads
Ananya Bianchi,ananya.bianchi53@example.com,+45 921 2282 5485,SunData,Mexico City,Mexico,Priya Sharma,Excel Import
Luca Miller,luca.miller54@example.com,+39 717 7142 2316,Sakura Homes,Milan,Canada,Emily Carter,LinkedIn
Sara Al-Sayed,sara.al-sayed55@example.com,+87 963 9921 9322,GreenField,Milan,Brazil,Marcus Reid,Google Ads
Olivia Singh,olivia.singh56@example.com,+76 496 1770 2677,Vela Group,Sydney,Mexico,Emily Carter,Website Form
Fatima Thomas,fatima.thomas57@example.com,+29 120 1387 3702,Casa Bienes,Milan,Australia,Sofia Rossi,Referral
Rahul Ramirez,rahul.ramirez58@example.com,+60 248 8038 2601,Vela Group,Dubai,Japan,Emily Carter,Google Ads
Priya Miller,priya.miller59@example.com,+68 511 6408 7030,Brisa Realty,Shanghai,France,Marcus Reid,Custom CSV
Liam Mehta,liam.mehta60@example.com,,SunData,Bengaluru,France,Rahul Verma,Google Ads
Arjun Sharma,arjun.sharma61@example.com,+37 789 4052 9491,Brisa Realty,Sydney,Japan,Alex Chen,Website Form
Luca Wei,luca.wei62@example.com,+11 332 8111 7152,Brisa Realty,Paris,Germany,Sofia Rossi,Facebook Ads
Chen Smith,chen.smith63@example.com,+42 428 7179 6715,CloudPeak,Milan,France,Emily Carter,Custom CSV
Ananya Sharma,ananya.sharma64@example.com,+26 740 9824 1995,CloudPeak,Tokyo,UK,Alex Chen,Custom CSV
Emma Al-Sayed,emma.al-sayed65@example.com,+6 951 3831 1267,Northwind Corp,Delhi,China,Emily Carter,Custom CSV
John Bianchi,john.bianchi66@example.com,+52 797 1766 6328,BlueStone,Berlin,Mexico,Marcus Reid,Excel Import
Emma Ramirez,emma.ramirez67@example.com,+91 372 8137 1458,TechNova,Delhi,UAE,Sofia Rossi,Excel Import
Fatima Bianchi,fatima.bianchi68@example.com,+23 265 8867 7441,Al Bayan,Paris,France,Emily Carter,Facebook Ads
Liam Wilson,liam.wilson69@example.com,+70 951 5652 4638,Casa Bienes,Bengaluru,Australia,Rahul Verma,Facebook Ads
Diego Williams,diego.williams70@example.com,+41 689 8001 7388,GreenField,San Francisco,Japan,Emily Carter,Excel Import
Priya Costa,priya.costa71@example.com,+77 315 3424 7543,Vela Group,Dubai,Canada,Rahul Verma,Website Form
Sophie Smith,sophie.smith72@example.com,+62 817 6459 1852,CloudPeak,Berlin,UK,Emily Carter,Excel Import
Yui Tanaka,yui.tanaka73@example.com,+85 723 5242 4475,Vela Group,Sydney,Canada,Sofia Rossi,Facebook Ads
Luca Miller,luca.miller74@example.com,+10 539 3299 4554,Vela Group,Mexico City,Italy,Alex Chen,Custom CSV
Emma Wei,emma.wei75@example.com,+65 968 8550 6830,GreenField,Dubai,Brazil,Alex Chen,Google Ads
Chen Wilson,chen.wilson76@example.com,+47 183 6809 7520,Harbor Ltd,Toronto,Mexico,Alex Chen,Google Ads
David Mehta,david.mehta77@example.com,+5 477 7935 4441,Northwind Corp,Delhi,Canada,Marcus Reid,Custom CSV
Priya Verma,priya.verma78@example.com,+59 222 8753 1228,Harbor Ltd,Milan,Japan,Rahul Verma,Google Ads
Fatima Patel,fatima.patel79@example.com,+83 655 8799 8201,Harbor Ltd,Tokyo,France,Emily Carter,Website Form
Sophie Costa,sophie.costa80@example.com,+66 813 3840 5202,SunData,Milan,Canada,Priya Sharma,Excel Import
Ananya Sharma,ananya.sharma81@example.com,+43 528 3932 5370,GreenField,San Francisco,India,Emily Carter,Excel Import
Noah Johnson,noah.johnson82@example.com,+42 238 9881 2911,GreenField,Tokyo,Mexico,Emily Carter,LinkedIn
Luca Wilson,luca.wilson83@example.com,+4 112 2072 9437,Sakura Homes,São Paulo,Japan,Marcus Reid,Website Form
Yui Wei,yui.wei84@example.com,+77 465 8492 6086,Paris Immo,Tokyo,Italy,Sofia Rossi,Website Form
Sophie Ramirez,sophie.ramirez85@example.com,+99 133 1613 2132,NexaSoft,Sydney,India,Marcus Reid,Referral
Fatima Singh,fatima.singh86@example.com,+5 174 8290 8916,Zenith Realty,San Francisco,Australia,Marcus Reid,LinkedIn
Diego Sharma,diego.sharma87@example.com,+11 570 6569 5604,SunData,Toronto,Italy,Marcus Reid,LinkedIn
Sara Brown,sara.brown88@example.com,+41 650 8163 6339,TechNova,Dubai,Germany,Rahul Verma,Facebook Ads
Chen Thomas,chen.thomas89@example.com,+44 987 3306 6485,SunData,Paris,Canada,Priya Sharma,Instagram Ads
Liam Laurent,liam.laurent90@example.com,+1 690 5887 6163,Northwind Corp,Sydney,Mexico,Sofia Rossi,Custom CSV
Chen Thomas,chen.thomas91@example.com,+38 394 8621 6840,Al Bayan,London,UAE,Marcus Reid,Google Ads
Yui Thomas,yui.thomas92@example.com,+65 938 8534 6973,Casa Bienes,São Paulo,Canada,Rahul Verma,Website Form
David Thomas,david.thomas93@example.com,+83 301 4306 6472,TechNova,Berlin,India,Priya Sharma,Referral
Aarav Bianchi,aarav.bianchi94@example.com,+57 124 2342 6071,Paris Immo,Dubai,Mexico,Marcus Reid,Website Form
Rahul Garcia,rahul.garcia95@example.com,+85 607 6079 8589,Paris Immo,Milan,Australia,Marcus Reid,Referral
Fatima Patel,fatima.patel96@example.com,+18 522 5116 7006,NexaSoft,Milan,India,Emily Carter,Custom CSV
Sophie Bianchi,sophie.bianchi97@example.com,+89 662 9074 4382,Harbor Ltd,Toronto,Australia,Priya Sharma,Google Ads
Aarav Wei,aarav.wei98@example.com,+95 855 8202 2656,Casa Bienes,São Paulo,Brazil,Marcus Reid,Excel Import
Sophie Wilson,sophie.wilson99@example.com,+82 629 5678 9935,Vela Group,Berlin,Germany,Marcus Reid,Excel Import
Fatima Sharma,fatima.sharma100@example.com,+72 421 1992 6417,Al Bayan,Tokyo,France,Sofia Rossi,Custom CSV
Emma Ramirez,emma.ramirez101@example.com,+42 739 1379 5530,Vela Group,London,Italy,Sofia Rossi,LinkedIn
Sara Singh,sara.singh102@example.com,+64 888 9843 5108,Casa Bienes,Milan,Germany,Marcus Reid,Instagram Ads
Ananya Patel,ananya.patel103@example.com,+50 452 2198 2565,GreenField,London,China,Sofia Rossi,Google Ads
Olivia Williams,olivia.williams104@example.com,+29 149 1360 5461,GreenField,Sydney,UK,Sofia Rossi,Custom CSV
Chen Wei,chen.wei105@example.com,+1 638 6853 8326,Zenith Realty,Mexico City,USA,Alex Chen,Excel Import
Sophie Mehta,sophie.mehta106@example.com,+27 685 2625 5544,GreenField,London,Italy,Rahul Verma,Referral
Emma Ramirez,emma.ramirez107@example.com,+10 963 7874 1056,Vela Group,Bengaluru,Canada,Emily Carter,Custom CSV
Arjun Sharma,arjun.sharma108@example.com,+58 639 1680 3089,Harbor Ltd,Bengaluru,Germany,Emily Carter,LinkedIn
Noah Williams,noah.williams109@example.com,+74 853 1024 3615,Zenith Realty,Bengaluru,Canada,Marcus Reid,Website Form
Priya Williams,priya.williams110@example.com,+47 191 7444 5610,SunData,Milan,China,Marcus Reid,Excel Import
Emma Wilson,emma.wilson111@example.com,+12 951 8575 3158,Vela Group,San Francisco,Canada,Priya Sharma,Instagram Ads
Diego Tanaka,diego.tanaka112@example.com,+40 203 6284 5161,Paris Immo,San Francisco,Germany,Alex Chen,Excel Import
Sara Tanaka,sara.tanaka113@example.com,+48 178 9101 1233,GreenField,Tokyo,Germany,Sofia Rossi,Referral
Fatima Patel,fatima.patel114@example.com,+59 920 2486 6290,NexaSoft,London,Australia,Emily Carter,Google Ads
Arjun Thomas,arjun.thomas115@example.com,+62 356 1891 4479,Al Bayan,Mexico City,Mexico,Alex Chen,Google Ads
David Patel,david.patel116@example.com,+33 107 4519 5926,SunData,San Francisco,Australia,Rahul Verma,Facebook Ads
Emma Costa,emma.costa117@example.com,+17 861 7703 7423,TechNova,Paris,Australia,Emily Carter,Excel Import
Ananya Verma,ananya.verma118@example.com,+16 114 7755 9686,Casa Bienes,Dubai,China,Sofia Rossi,Excel Import
Emma Garcia,emma.garcia119@example.com,+82 519 8911 5587,CloudPeak,Mexico City,Italy,Alex Chen,Custom CSV
Arjun Patel,invalid-email,+95 903 1324 2186,NexaSoft,London,China,Emily Carter,Instagram Ads
Noah Singh,noah.singh121@example.com,+82 255 8668 5115,Vela Group,Mumbai,UK,Rahul Verma,LinkedIn
Rahul Thomas,rahul.thomas122@example.com,+91 197 1613 1775,NexaSoft,Sydney,China,Alex Chen,Excel Import
Chen Johnson,chen.johnson123@example.com,+40 748 8077 3712,GreenField,Tokyo,USA,Priya Sharma,Facebook Ads
Emma Wilson,emma.wilson124@example.com,+99 200 5287 3514,CloudPeak,San Francisco,China,Rahul Verma,Facebook Ads
Chen Costa,chen.costa125@example.com,+12 996 7271 7843,Sakura Homes,Mumbai,Mexico,Emily Carter,Instagram Ads
Ananya Brown,ananya.brown126@example.com,+36 711 7309 6756,NexaSoft,San Francisco,India,Rahul Verma,Website Form
David Garcia,david.garcia127@example.com,+57 527 4676 2254,SunData,São Paulo,UK,Priya Sharma,Excel Import
Diego Bianchi,diego.bianchi128@example.com,+87 340 9321 2945,Vela Group,Paris,Mexico,Emily Carter,Custom CSV
Chen Patel,chen.patel129@example.com,+44 663 5611 7788,SunData,London,USA,Alex Chen,Custom CSV
Diego Smith,diego.smith130@example.com,+17 853 3493 4819,SunData,Milan,Japan,Marcus Reid,Instagram Ads
Emma Bianchi,emma.bianchi131@example.com,+5 424 9512 7001,Harbor Ltd,Toronto,Japan,Sofia Rossi,Excel Import
Emma Thomas,emma.thomas132@example.com,+11 466 9796 5275,TechNova,Sydney,Japan,Alex Chen,Google Ads
Noah Sharma,noah.sharma133@example.com,+16 681 2135 7340,GreenField,Shanghai,France,Emily Carter,Google Ads
John Johnson,john.johnson134@example.com,+26 477 2826 6538,Zenith Realty,Bengaluru,China,Rahul Verma,Referral
Diego Ramirez,diego.ramirez135@example.com,+92 305 2414 8080,SunData,Tokyo,Mexico,Emily Carter,Instagram Ads
Olivia Miller,olivia.miller136@example.com,+36 391 2715 8907,TechNova,San Francisco,Brazil,Sofia Rossi,LinkedIn
Diego Costa,diego.costa137@example.com,+83 171 6269 4316,BlueStone,London,India,Alex Chen,Referral
Ananya Smith,ananya.smith138@example.com,+62 306 2614 7688,NexaSoft,Toronto,Germany,Emily Carter,Google Ads
Priya Patel,priya.patel139@example.com,+80 484 7584 1100,GreenField,Milan,Mexico,Alex Chen,Google Ads
Noah Costa,noah.costa140@example.com,+21 497 7924 2292,CloudPeak,Berlin,Germany,Emily Carter,Referral
Sara Johnson,sara.johnson141@example.com,+49 707 3342 6445,Vela Group,Mumbai,Canada,Priya Sharma,Website Form
Fatima Sharma,fatima.sharma142@example.com,+53 452 7711 5300,Brisa Realty,San Francisco,China,Rahul Verma,Excel Import
David Patel,david.patel143@example.com,+69 957 5816 7456,Casa Bienes,Tokyo,France,Emily Carter,Custom CSV
Olivia Thomas,olivia.thomas144@example.com,+81 551 5472 3451,Vela Group,Tokyo,USA,Sofia Rossi,Website Form
Olivia Tanaka,olivia.tanaka145@example.com,+42 875 7692 7805,Sakura Homes,Milan,China,Priya Sharma,LinkedIn
Luca Williams,luca.williams146@example.com,+2 774 2486 1955,CloudPeak,Mumbai,Canada,Priya Sharma,Google Ads
Diego Sharma,diego.sharma147@example.com,+57 640 7563 8785,GreenField,Berlin,Canada,Emily Carter,LinkedIn
Sophie Patel,sophie.patel148@example.com,+19 720 7412 2020,Al Bayan,Shanghai,Australia,Sofia Rossi,Referral
Noah Patel,noah.patel149@example.com,+61 904 1288 2749,Zenith Realty,Bengaluru,Japan,Sofia Rossi,Google Ads
Aarav Al-Sayed,aarav.al-sayed150@example.com,+31 996 1217 6459,Vela Group,Toronto,India,Priya Sharma,LinkedIn
Yui Wilson,yui.wilson151@example.com,+55 200 4983 1221,Casa Bienes,Delhi,USA,Sofia Rossi,Google Ads
Fatima Wilson,fatima.wilson152@example.com,+60 531 1902 5528,NexaSoft,Shanghai,France,Emily Carter,LinkedIn
Aarav Tanaka,aarav.tanaka153@example.com,+32 404 4406 6164,SunData,Shanghai,USA,Alex Chen,Instagram Ads
Noah Johnson,noah.johnson154@example.com,+94 136 8935 4535,SunData,London,Brazil,Sofia Rossi,Facebook Ads
John Wei,john.wei155@example.com,+14 964 6914 8994,NexaSoft,Toronto,China,Marcus Reid,Google Ads
Priya Ramirez,priya.ramirez156@example.com,+87 976 8930 3044,TechNova,San Francisco,Japan,Priya Sharma,Referral
Fatima Costa,fatima.costa157@example.com,+64 593 9609 8225,SunData,Mumbai,UK,Priya Sharma,LinkedIn
Arjun Thomas,arjun.thomas158@example.com,+57 220 6070 9438,Al Bayan,São Paulo,China,Priya Sharma,LinkedIn
Sophie Miller,sophie.miller159@example.com,+13 876 7516 1359,Sakura Homes,Paris,Brazil,Sofia Rossi,Referral
Fatima Verma,fatima.verma160@example.com,+95 243 4961 7895,Zenith Realty,Sydney,Canada,Sofia Rossi,LinkedIn
Sara Ramirez,sara.ramirez161@example.com,+47 748 1331 8521,Brisa Realty,Berlin,Mexico,Sofia Rossi,Excel Import
David Garcia,david.garcia162@example.com,+97 718 2712 1553,BlueStone,Delhi,Mexico,Rahul Verma,Referral
Sara Costa,sara.costa163@example.com,+40 142 7774 6829,NexaSoft,Paris,UK,Priya Sharma,Instagram Ads
Arjun Mehta,arjun.mehta164@example.com,+96 588 2684 2668,CloudPeak,Milan,China,Sofia Rossi,Google Ads
Emma Wilson,emma.wilson165@example.com,+27 857 6481 4001,Brisa Realty,Dubai,Mexico,Priya Sharma,Google Ads
Priya Tanaka,priya.tanaka166@example.com,+2 633 1883 2945,GreenField,Bengaluru,China,Marcus Reid,Facebook Ads
John Mehta,john.mehta167@example.com,+91 295 6559 1014,TechNova,São Paulo,UAE,Alex Chen,Facebook Ads
Isabella Miller,isabella.miller168@example.com,+55 557 8064 2661,Harbor Ltd,San Francisco,France,Sofia Rossi,Referral
Priya Patel,priya.patel169@example.com,+83 241 7463 2216,BlueStone,Berlin,Japan,Marcus Reid,Instagram Ads
Fatima Singh,fatima.singh170@example.com,+25 831 7968 3817,NexaSoft,Berlin,Japan,Sofia Rossi,Website Form
Yui Verma,yui.verma171@example.com,+69 966 6193 1132,NexaSoft,Mumbai,Canada,Alex Chen,Google Ads
Ananya Verma,ananya.verma172@example.com,+24 748 5047 7642,Paris Immo,São Paulo,USA,Emily Carter,Referral
Ananya Miller,ananya.miller173@example.com,+10 138 9911 5285,GreenField,Delhi,Germany,Marcus Reid,Excel Import
Diego Smith,diego.smith174@example.com,+33 476 3233 6657,GreenField,São Paulo,Mexico,Priya Sharma,Custom CSV
David Singh,david.singh175@example.com,+64 479 7662 6718,NexaSoft,Dubai,Canada,Alex Chen,Google Ads
Aarav Tanaka,aarav.tanaka176@example.com,+90 341 2493 1793,GreenField,Delhi,France,Rahul Verma,Website Form
Mia Smith,mia.smith177@example.com,+35 398 5847 6376,GreenField,Toronto,USA,Priya Sharma,Instagram Ads
Mia Tanaka,mia.tanaka178@example.com,+80 268 9581 7918,Northwind Corp,Shanghai,India,Priya Sharma,Instagram Ads
Arjun Smith,arjun.smith179@example.com,+83 351 4355 3102,Sakura Homes,Bengaluru,India,Emily Carter,Custom CSV
Liam Ramirez,liam.ramirez180@example.com,,BlueStone,Paris,India,Emily Carter,Google Ads
Rahul Johnson,rahul.johnson181@example.com,+83 139 1964 9464,Northwind Corp,Shanghai,UK,Priya Sharma,LinkedIn
Priya Ramirez,priya.ramirez182@example.com,+3 972 9194 7053,TechNova,Delhi,China,Emily Carter,Instagram Ads
Sara Verma,sara.verma183@example.com,+68 593 4072 8077,NexaSoft,Mumbai,UK,Priya Sharma,Referral
Noah Laurent,noah.laurent184@example.com,+63 295 4651 7720,SunData,Toronto,Japan,Emily Carter,Excel Import
Fatima Miller,fatima.miller185@example.com,+93 279 2279 4486,Vela Group,Paris,Canada,Rahul Verma,Google Ads
Liam Patel,liam.patel186@example.com,+96 319 4319 6214,Paris Immo,São Paulo,Italy,Rahul Verma,Facebook Ads
Arjun Williams,arjun.williams187@example.com,+28 967 3417 2571,Casa Bienes,Dubai,India,Rahul Verma,Excel Import
Ananya Patel,ananya.patel188@example.com,+60 347 2586 5712,Zenith Realty,Tokyo,France,Alex Chen,Website Form
Isabella Garcia,isabella.garcia189@example.com,+95 242 7412 4978,Casa Bienes,Shanghai,Mexico,Sofia Rossi,Custom CSV
Aarav Smith,aarav.smith190@example.com,+81 888 5644 3529,NexaSoft,London,Japan,Emily Carter,Custom CSV
Aarav Johnson,aarav.johnson191@example.com,+48 748 5052 1657,BlueStone,Shanghai,USA,Marcus Reid,Instagram Ads
Isabella Thomas,isabella.thomas192@example.com,+23 850 3562 1108,GreenField,Toronto,UK,Marcus Reid,LinkedIn
Luca Bianchi,luca.bianchi193@example.com,+17 241 3249 5531,Paris Immo,London,Mexico,Emily Carter,Facebook Ads
Isabella Verma,isabella.verma194@example.com,+33 504 3267 8034,Casa Bienes,Bengaluru,Japan,Priya Sharma,LinkedIn
Priya Smith,priya.smith195@example.com,+1 428 5596 8789,Casa Bienes,Delhi,Italy,Sofia Rossi,Custom CSV
Olivia Thomas,olivia.thomas196@example.com,+84 638 6672 2056,Zenith Realty,Tokyo,India,Alex Chen,Google Ads
Sara Smith,sara.smith197@example.com,+99 923 4442 2334,Al Bayan,Delhi,UAE,Emily Carter,Excel Import
Diego Costa,diego.costa198@example.com,+72 837 7254 5432,Al Bayan,Delhi,Australia,Priya Sharma,Google Ads
Olivia Al-Sayed,olivia.al-sayed199@example.com,+25 730 6028 1116,Paris Immo,Dubai,Brazil,Priya Sharma,Excel Import
Sara Williams,sara.williams200@example.com,+43 720 9024 2704,Vela Group,Milan,USA,Alex Chen,Excel Import
Chen Garcia,chen.garcia201@example.com,+17 406 1293 8062,Sakura Homes,Toronto,UAE,Sofia Rossi,Referral
Noah Thomas,noah.thomas202@example.com,+99 479 5623 8358,NexaSoft,Milan,Australia,Sofia Rossi,LinkedIn
Priya Al-Sayed,priya.al-sayed203@example.com,+5 750 2736 7526,Harbor Ltd,London,USA,Rahul Verma,LinkedIn
Luca Wei,luca.wei204@example.com,+15 227 7779 4875,Zenith Realty,Tokyo,India,Marcus Reid,Excel Import
Olivia Patel,olivia.patel205@example.com,+75 416 4283 3043,Casa Bienes,London,Brazil,Priya Sharma,Instagram Ads
Emma Garcia,emma.garcia206@example.com,+49 466 4356 9076,SunData,São Paulo,USA,Emily Carter,Referral
Arjun Williams,arjun.williams207@example.com,+99 223 3600 2484,Brisa Realty,Shanghai,UK,Emily Carter,Facebook Ads
Noah Johnson,noah.johnson208@example.com,+39 166 4087 2098,NexaSoft,Toronto,Brazil,Emily Carter,Facebook Ads
Noah Mehta,noah.mehta209@example.com,+84 911 6891 9211,Brisa Realty,Paris,Mexico,Emily Carter,Facebook Ads
Rahul Sharma,rahul.sharma210@example.com,+40 826 6093 1241,Casa Bienes,Sydney,Mexico,Marcus Reid,Google Ads
Yui Brown,yui.brown211@example.com,+35 378 3579 8535,Paris Immo,São Paulo,Italy,Sofia Rossi,Excel Import
Olivia Bianchi,olivia.bianchi212@example.com,+52 622 1784 3241,CloudPeak,Shanghai,France,Sofia Rossi,Excel Import
Ananya Miller,ananya.miller213@example.com,+73 168 5335 9057,Al Bayan,Mumbai,China,Emily Carter,Excel Import
Ananya Johnson,ananya.johnson214@example.com,+55 153 8995 3021,Casa Bienes,Dubai,China,Marcus Reid,LinkedIn
Liam Ramirez,liam.ramirez215@example.com,+24 418 2121 9664,SunData,Paris,France,Sofia Rossi,Excel Import
David Mehta,david.mehta216@example.com,+19 884 2130 8054,BlueStone,Mexico City,France,Rahul Verma,LinkedIn
Isabella Garcia,isabella.garcia217@example.com,+28 571 6752 7018,BlueStone,Milan,UK,Priya Sharma,Google Ads
Chen Costa,chen.costa218@example.com,+74 362 5159 6242,NexaSoft,Sydney,France,Rahul Verma,LinkedIn
Diego Thomas,diego.thomas219@example.com,+6 912 9797 6511,Harbor Ltd,Mumbai,Canada,Emily Carter,Instagram Ads
Luca Sharma,invalid-email,+41 124 3860 2021,BlueStone,Milan,Italy,Marcus Reid,Referral
Ananya Laurent,ananya.laurent221@example.com,+74 853 2106 8701,CloudPeak,Dubai,Brazil,Rahul Verma,Custom CSV
Luca Williams,luca.williams222@example.com,+86 732 5030 4490,Northwind Corp,Dubai,Japan,Priya Sharma,Custom CSV
Aarav Costa,aarav.costa223@example.com,+84 913 8877 9430,GreenField,Tokyo,Japan,Priya Sharma,Google Ads
Sophie Brown,sophie.brown224@example.com,+79 944 2925 8844,Sakura Homes,Sydney,UAE,Priya Sharma,Website Form
Priya Al-Sayed,priya.al-sayed225@example.com,+75 497 4718 8486,Vela Group,Sydney,Australia,Rahul Verma,Excel Import
Liam Wei,liam.wei226@example.com,+96 957 5535 7960,Zenith Realty,London,UK,Emily Carter,Website Form
Sara Mehta,sara.mehta227@example.com,+92 180 8414 1875,TechNova,Toronto,China,Marcus Reid,LinkedIn
Liam Tanaka,liam.tanaka228@example.com,+87 885 2653 2596,Northwind Corp,Dubai,India,Alex Chen,Referral
Isabella Johnson,isabella.johnson229@example.com,+54 575 3861 4186,Vela Group,Shanghai,Canada,Emily Carter,Excel Import
Fatima Verma,fatima.verma230@example.com,+19 790 4411 7009,Sakura Homes,São Paulo,Japan,Marcus Reid,Website Form
Sophie Singh,sophie.singh231@example.com,+75 546 2426 9055,Brisa Realty,Berlin,Germany,Rahul Verma,Instagram Ads
Sophie Garcia,sophie.garcia232@example.com,+99 959 8794 8652,Al Bayan,Dubai,USA,Marcus Reid,Referral
Emma Patel,emma.patel233@example.com,+33 679 9306 8032,BlueStone,San Francisco,Brazil,Alex Chen,Google Ads
Ananya Verma,ananya.verma234@example.com,+86 951 6952 3933,Zenith Realty,Paris,Australia,Marcus Reid,LinkedIn
Liam Verma,liam.verma235@example.com,+30 809 2726 2881,TechNova,Sydney,Australia,Alex Chen,Instagram Ads
Priya Laurent,priya.laurent236@example.com,+67 753 6826 5254,Harbor Ltd,Tokyo,Germany,Alex Chen,Google Ads
Isabella Tanaka,isabella.tanaka237@example.com,+43 902 4197 8337,Vela Group,San Francisco,France,Rahul Verma,Facebook Ads
Mia Ramirez,mia.ramirez238@example.com,+9 174 3797 8932,NexaSoft,Paris,Germany,Marcus Reid,Referral
Ananya Al-Sayed,ananya.al-sayed239@example.com,+38 309 5717 5875,Harbor Ltd,Bengaluru,USA,Priya Sharma,LinkedIn
Diego Wilson,diego.wilson240@example.com,+15 602 3486 1638,GreenField,Sydney,China,Alex Chen,Excel Import
Sophie Costa,sophie.costa241@example.com,+62 381 3040 2625,TechNova,Dubai,Mexico,Alex Chen,Custom CSV
Diego Costa,diego.costa242@example.com,+82 161 8002 4279,NexaSoft,Mexico City,Mexico,Marcus Reid,LinkedIn
Liam Williams,liam.williams243@example.com,+1 832 1702 4268,TechNova,Mumbai,UK,Emily Carter,Facebook Ads
Noah Wilson,noah.wilson244@example.com,+60 816 7671 6613,Brisa Realty,San Francisco,India,Rahul Verma,LinkedIn
John Wilson,john.wilson245@example.com,+95 534 9706 1481,Sakura Homes,London,Japan,Sofia Rossi,Referral
Emma Bianchi,emma.bianchi246@example.com,+39 492 2894 9553,Northwind Corp,São Paulo,Japan,Rahul Verma,Website Form
Priya Mehta,priya.mehta247@example.com,+77 271 3796 7344,Zenith Realty,San Francisco,India,Rahul Verma,Website Form
Rahul Mehta,rahul.mehta248@example.com,+56 208 7068 9584,SunData,Dubai,Japan,Priya Sharma,Website Form
Sara Garcia,sara.garcia249@example.com,+53 406 3224 5196,Casa Bienes,Bengaluru,Australia,Alex Chen,Instagram Ads
